{
  "strategy": "768d_top3_instruction",
  "exact_match": 31.808278867102395,
  "f1_score": 39.930656962554984,
  "num_queries": 918
}