{
  "strategy": "768d_top5_instruction",
  "exact_match": 21.78649237472767,
  "f1_score": 27.8582330668537,
  "num_queries": 918
}