context_relevance,answer_relevance,answer_faithfulness,context_precision,context_recall,context_f1,num_queries
0.6674954376319395,0.33925590514812076,0.3460264622359608,0.21518798865075095,0.26915395787944807,0.18125714172937749,918
