Metric,Mean,Std,Min,Max
Context Relevance,0.6626437169079687,0.11794871773045311,0.27091535925865173,0.9756120443344116
Answer Relevance,0.3439789154376096,0.24446184586071062,-0.04543042182922363,0.9941511154174805
Answer Faithfulness,0.3494636489404061,0.2942447089902095,-0.11738385260105133,1.000000238418579
Context Precision,0.21085470432305656,0.32021388914826765,0.0,1.0
Context Recall,0.2336225230833074,0.418332974064637,0.0,1.0
Context F1,0.16616166379167233,0.3224460630014344,0.0,1.0
