Metric,Mean,Std,Min,Max
Context Relevance,0.6674954376319395,0.11523155411291333,0.2772822976112366,0.9756120443344116
Answer Relevance,0.33925590514812076,0.2614859744833809,-0.04543042182922363,0.9941511154174805
Answer Faithfulness,0.3460264622359608,0.300988761138043,-0.11738385260105133,1.000000238418579
Context Precision,0.21518798865075095,0.30863330065984906,0.0,1.0
Context Recall,0.26915395787944807,0.43924005870719157,0.0,1.0
Context F1,0.18125714172937749,0.3227958221339466,0.0,1.0
