Metric,Naive_Mean,Enhanced_Mean,Improvement,Improvement_Pct
Context Relevance,0.6674954376319395,0.6626437169079687,-0.004851720723970776,-0.73
Answer Relevance,0.33925590514812076,0.3439789154376096,0.004723010289488849,1.39
Answer Faithfulness,0.3460264622359608,0.3494636489404061,0.0034371867044453164,0.99
Context Precision,0.21518798865075095,0.21085470432305656,-0.004333284327694392,-2.01
Context Recall,0.26915395787944807,0.2336225230833074,-0.03553143479614068,-13.2
Context F1,0.18125714172937749,0.16616166379167233,-0.01509547793770516,-8.33
