{
  "context_relevance": 0.6626437169079687,
  "answer_relevance": 0.3439789154376096,
  "answer_faithfulness": 0.3494636489404061,
  "context_precision": 0.21085470432305656,
  "context_recall": 0.2336225230833074,
  "context_f1": 0.16616166379167233,
  "num_queries": 918
}